target,browser,player,codec,platform,user,data_points,mean,stdev,fold_1,fold_2,fold_3,fold_4,fold_5,fold_6,fold_7,fold_8,fold_9,fold_10
codec,CHROME,MPLAYER,*,Windows11,*,400,55.75,5.6236109396009955,56.25,55.00000000000001,58.75,46.25,58.75,45.0,63.74999999999999,58.75,55.00000000000001,60.0
codec,CHROME,MPV,*,Windows11,*,400,67.5,6.224949798994365,70.0,72.5,70.0,63.74999999999999,55.00000000000001,58.75,67.5,76.25,68.75,72.5
codec,CHROME,VLC,*,Windows11,*,400,66.625,4.0716243687255815,60.0,68.75,66.25,70.0,61.25000000000001,62.5,68.75,68.75,66.25,73.75
codec,EDGE,MPLAYER,*,Windows11,*,400,68.875,3.2331292890943892,70.0,70.0,70.0,71.25,65.0,61.25000000000001,70.0,67.5,71.25,72.5
codec,EDGE,MPV,*,Windows11,*,400,89.75,2.0766559657295187,91.25,90.0,92.5,92.5,90.0,86.25,88.75,87.5,87.5,91.25
codec,EDGE,VLC,*,Windows11,*,400,73.5,4.670385423067351,72.5,68.75,72.5,73.75,72.5,81.25,66.25,81.25,70.0,76.25
codec,FIREFOX,MPLAYER,*,Windows11,*,400,49.25,6.077622890571608,41.25,57.49999999999999,56.25,42.5,51.24999999999999,55.00000000000001,40.0,52.5,46.25,50.0
codec,FIREFOX,MPV,*,Windows11,*,400,45.25,7.369701486491839,38.75,50.0,43.75,41.25,48.75,32.5,41.25,61.25000000000001,46.25,48.75
codec,FIREFOX,VLC,*,Windows11,*,400,61.125,5.345851195085775,57.49999999999999,60.0,67.5,65.0,60.0,52.5,53.75,60.0,68.75,66.25
codec,CHROME,MPLAYER,*,Linux,*,400,54.125,4.938686566284602,52.5,56.25,55.00000000000001,62.5,43.75,53.75,58.75,50.0,51.24999999999999,57.49999999999999
codec,CHROME,MPV,*,Linux,*,400,50.5,5.099019513592785,48.75,51.24999999999999,55.00000000000001,40.0,51.24999999999999,58.75,56.25,48.75,48.75,46.25
codec,CHROME,VLC,*,Linux,*,400,71.375,5.045109017652642,77.5,65.0,75.0,70.0,80.0,72.5,66.25,63.74999999999999,71.25,72.5
codec,EDGE,MPLAYER,*,Linux,*,400,48.375,5.837647214417809,46.25,50.0,48.75,52.5,36.25,41.25,51.24999999999999,55.00000000000001,46.25,56.25
codec,EDGE,MPV,*,Linux,*,400,46.375,3.642200571083366,51.24999999999999,48.75,42.5,43.75,47.5,45.0,47.5,48.75,38.75,50.0
codec,EDGE,VLC,*,Linux,*,400,70.125,4.625000000000001,70.0,66.25,68.75,76.25,72.5,67.5,63.74999999999999,67.5,80.0,68.75
codec,FIREFOX,MPLAYER,*,Linux,*,400,32.0,4.227883631321942,36.25,41.25,28.749999999999996,30.0,27.500000000000004,31.25,31.25,28.749999999999996,36.25,28.749999999999996
codec,FIREFOX,MPV,*,Linux,*,400,32.25,3.2015621187164243,36.25,31.25,33.75,30.0,37.5,33.75,33.75,30.0,26.25,30.0
codec,FIREFOX,VLC,*,Linux,*,400,52.75,5.326818938165628,45.0,57.49999999999999,57.49999999999999,50.0,47.5,62.5,53.75,55.00000000000001,46.25,52.5
codec,CHROME,MPLAYER,*,dLinux,*,400,80.375,3.9151149408414563,82.5,83.75,85.0,82.5,72.5,80.0,81.25,80.0,82.5,73.75
codec,CHROME,MPV,*,dLinux,*,400,81.25,3.010398644698074,81.25,80.0,76.25,87.5,81.25,82.5,80.0,82.5,77.5,83.75
codec,CHROME,VLC,*,dLinux,*,400,93.125,1.956559480312316,93.75,92.5,92.5,93.75,93.75,96.25,95.0,91.25,93.75,88.75
codec,EDGE,MPLAYER,*,dLinux,*,400,74.125,4.938686566284603,80.0,73.75,66.25,80.0,73.75,68.75,76.25,67.5,80.0,75.0
codec,EDGE,MPV,*,dLinux,*,400,67.0,6.7592529172978875,66.25,60.0,75.0,76.25,65.0,63.74999999999999,66.25,75.0,68.75,53.75
codec,EDGE,VLC,*,dLinux,*,400,92.5,2.3048861143232218,93.75,91.25,95.0,90.0,96.25,88.75,95.0,91.25,92.5,91.25
codec,FIREFOX,MPLAYER,*,dLinux,*,400,44.5,6.6661458129866915,41.25,41.25,48.75,41.25,35.0,56.25,40.0,56.25,42.5,42.5
codec,FIREFOX,MPV,*,dLinux,*,400,51.0,5.695392874947258,51.24999999999999,63.74999999999999,53.75,48.75,52.5,40.0,46.25,50.0,51.24999999999999,52.5
codec,FIREFOX,VLC,*,dLinux,*,400,90.0,3.7914377220257753,93.75,95.0,92.5,83.75,90.0,87.5,95.0,86.25,90.0,86.25
codec,CHROME,MPLAYER,*,macOS,*,400,55.75,5.159941860137574,57.49999999999999,56.25,66.25,58.75,53.75,47.5,52.5,52.5,51.24999999999999,61.25000000000001
codec,CHROME,MPV,*,macOS,*,400,49.875,4.59109191805174,41.25,48.75,46.25,45.0,56.25,53.75,50.0,55.00000000000001,48.75,53.75
codec,CHROME,VLC,*,macOS,*,400,72.5,3.6228441865473595,67.5,72.5,71.25,72.5,73.75,73.75,67.5,80.0,76.25,70.0
codec,FIREFOX,MPLAYER,*,macOS,*,400,39.0,4.100304866714182,36.25,40.0,42.5,42.5,35.0,32.5,45.0,40.0,42.5,33.75
codec,FIREFOX,MPV,*,macOS,*,400,27.125,2.907425837403252,26.25,30.0,23.75,26.25,32.5,30.0,27.500000000000004,27.500000000000004,25.0,22.5
codec,FIREFOX,VLC,*,macOS,*,400,30.25,5.4715171570598224,26.25,32.5,28.749999999999996,36.25,21.25,38.75,31.25,36.25,23.75,27.500000000000004
codec,SAFARI,MPLAYER,*,macOS,*,400,47.25,3.9051248379533288,50.0,45.0,45.0,50.0,42.5,55.00000000000001,46.25,41.25,50.0,47.5
codec,SAFARI,MPV,*,macOS,*,400,51.75,4.616546328154848,56.25,52.5,58.75,56.25,43.75,48.75,46.25,51.24999999999999,48.75,55.00000000000001
codec,SAFARI,VLC,*,macOS,*,400,73.875,4.237112814169573,72.5,77.5,73.75,81.25,72.5,80.0,67.5,72.5,72.5,68.75
player,SAFARI,*,sample.mkv,macOS,*,300,99.66666666666666,0.6666666666666686,100.0,100.0,98.33333333333333,100.0,100.0,100.0,100.0,100.0,98.33333333333333,100.0
player,FIREFOX,*,sample.mkv,macOS,*,300,80.33333333333334,4.396968652757639,83.33333333333334,75.0,85.0,85.0,81.66666666666667,71.66666666666667,80.0,85.0,80.0,76.66666666666667
player,CHROME,*,sample.mkv,macOS,*,300,98.83333333333334,1.3017082793177748,98.33333333333333,98.33333333333333,100.0,96.66666666666667,100.0,100.0,100.0,98.33333333333333,100.0,96.66666666666667
player,SAFARI,*,sample.mp4,macOS,*,300,98.0,1.4529663145135565,98.33333333333333,96.66666666666667,98.33333333333333,95.0,96.66666666666667,98.33333333333333,98.33333333333333,98.33333333333333,100.0,100.0
player,FIREFOX,*,sample.mp4,macOS,*,300,83.16666666666666,3.4520525295346633,75.0,85.0,80.0,85.0,86.66666666666667,81.66666666666667,85.0,86.66666666666667,85.0,81.66666666666667
player,CHROME,*,sample.mp4,macOS,*,300,98.83333333333334,1.067187372905475,98.33333333333333,100.0,100.0,98.33333333333333,100.0,98.33333333333333,98.33333333333333,96.66666666666667,100.0,98.33333333333333
player,SAFARI,*,sample.flv,macOS,*,300,99.16666666666667,1.1180339887498947,98.33333333333333,100.0,100.0,100.0,98.33333333333333,98.33333333333333,96.66666666666667,100.0,100.0,100.0
player,FIREFOX,*,sample.flv,macOS,*,300,84.49999999999999,4.890466917040401,88.33333333333333,85.0,88.33333333333333,76.66666666666667,90.0,85.0,88.33333333333333,75.0,86.66666666666667,81.66666666666667
player,CHROME,*,sample.flv,macOS,*,300,98.66666666666666,1.4529663145135585,95.0,98.33333333333333,100.0,100.0,98.33333333333333,98.33333333333333,98.33333333333333,98.33333333333333,100.0,100.0
player,SAFARI,*,sample.3gp,macOS,*,300,99.16666666666666,0.8333333333333357,100.0,98.33333333333333,100.0,98.33333333333333,100.0,98.33333333333333,100.0,98.33333333333333,98.33333333333333,100.0
player,FIREFOX,*,sample.3gp,macOS,*,300,81.66666666666666,4.714045207910315,80.0,88.33333333333333,75.0,88.33333333333333,83.33333333333334,85.0,76.66666666666667,78.33333333333333,76.66666666666667,85.0
player,CHROME,*,sample.3gp,macOS,*,300,97.66666666666666,2.260776661041756,98.33333333333333,98.33333333333333,95.0,95.0,100.0,100.0,95.0,100.0,100.0,95.0
player,FIREFOX,*,sample.mkv,dLinux,*,300,76.66666666666667,4.409585518440988,73.33333333333333,71.66666666666667,83.33333333333334,70.0,76.66666666666667,73.33333333333333,78.33333333333333,76.66666666666667,83.33333333333334,80.0
player,CHROME,*,sample.mkv,dLinux,*,300,83.33333333333334,4.714045207910316,83.33333333333334,76.66666666666667,85.0,86.66666666666667,81.66666666666667,85.0,76.66666666666667,90.0,90.0,78.33333333333333
player,EDGE,*,sample.mkv,dLinux,*,300,89.0,3.9581140290126346,93.33333333333333,81.66666666666667,83.33333333333334,91.66666666666666,93.33333333333333,86.66666666666667,93.33333333333333,90.0,88.33333333333333,88.33333333333333
player,FIREFOX,*,sample.mp4,dLinux,*,300,89.83333333333333,2.4094720491334902,91.66666666666666,88.33333333333333,86.66666666666667,91.66666666666666,91.66666666666666,90.0,90.0,93.33333333333333,90.0,85.0
player,CHROME,*,sample.mp4,dLinux,*,300,91.66666666666667,3.4156502553198647,91.66666666666666,93.33333333333333,90.0,90.0,95.0,90.0,85.0,90.0,93.33333333333333,98.33333333333333
player,EDGE,*,sample.mp4,dLinux,*,300,97.49999999999999,1.7078251276599323,98.33333333333333,96.66666666666667,98.33333333333333,98.33333333333333,96.66666666666667,98.33333333333333,93.33333333333333,98.33333333333333,100.0,96.66666666666667
player,FIREFOX,*,sample.flv,dLinux,*,300,80.0,3.248931448269657,80.0,85.0,75.0,83.33333333333334,78.33333333333333,80.0,75.0,78.33333333333333,83.33333333333334,81.66666666666667
player,CHROME,*,sample.flv,dLinux,*,300,78.16666666666666,5.398044913567216,80.0,86.66666666666667,80.0,71.66666666666667,73.33333333333333,70.0,76.66666666666667,80.0,76.66666666666667,86.66666666666667
player,EDGE,*,sample.flv,dLinux,*,300,79.83333333333334,5.188127472091128,83.33333333333334,81.66666666666667,75.0,86.66666666666667,80.0,73.33333333333333,88.33333333333333,71.66666666666667,78.33333333333333,80.0
player,FIREFOX,*,sample.3gp,dLinux,*,300,86.5,3.1135902820448957,85.0,81.66666666666667,85.0,88.33333333333333,91.66666666666666,86.66666666666667,91.66666666666666,85.0,83.33333333333334,86.66666666666667
player,CHROME,*,sample.3gp,dLinux,*,300,97.5,1.3437096247164224,96.66666666666667,100.0,98.33333333333333,98.33333333333333,96.66666666666667,95.0,98.33333333333333,96.66666666666667,98.33333333333333,96.66666666666667
player,EDGE,*,sample.3gp,dLinux,*,300,89.66666666666666,2.211083193570263,88.33333333333333,93.33333333333333,90.0,88.33333333333333,91.66666666666666,91.66666666666666,86.66666666666667,86.66666666666667,91.66666666666666,88.33333333333333
player,FIREFOX,*,sample.mkv,Windows11,*,300,87.66666666666667,4.096068575814835,88.33333333333333,95.0,90.0,85.0,85.0,80.0,86.66666666666667,86.66666666666667,93.33333333333333,86.66666666666667
player,CHROME,*,sample.mkv,Windows11,*,300,87.66666666666666,3.2659863237108993,85.0,90.0,91.66666666666666,86.66666666666667,88.33333333333333,88.33333333333333,90.0,91.66666666666666,83.33333333333334,81.66666666666667
player,EDGE,*,sample.mkv,Windows11,*,300,85.33333333333333,5.259911279353164,91.66666666666666,91.66666666666666,78.33333333333333,90.0,75.0,83.33333333333334,83.33333333333334,85.0,86.66666666666667,88.33333333333333
player,FIREFOX,*,sample.mp4,Windows11,*,300,92.33333333333334,2.9059326290271152,93.33333333333333,95.0,86.66666666666667,90.0,88.33333333333333,95.0,95.0,91.66666666666666,93.33333333333333,95.0
player,CHROME,*,sample.mp4,Windows11,*,300,77.83333333333334,4.219662967057388,78.33333333333333,80.0,73.33333333333333,73.33333333333333,76.66666666666667,81.66666666666667,86.66666666666667,78.33333333333333,71.66666666666667,78.33333333333333
player,EDGE,*,sample.mp4,Windows11,*,300,72.83333333333333,3.7305048809332346,70.0,73.33333333333333,76.66666666666667,80.0,75.0,73.33333333333333,71.66666666666667,73.33333333333333,66.66666666666666,68.33333333333333
player,FIREFOX,*,sample.flv,Windows11,*,300,89.16666666666667,3.4359213546813807,90.0,86.66666666666667,95.0,83.33333333333334,91.66666666666666,93.33333333333333,85.0,90.0,88.33333333333333,88.33333333333333
player,CHROME,*,sample.flv,Windows11,*,300,78.83333333333334,5.9651767227244274,81.66666666666667,85.0,78.33333333333333,68.33333333333333,80.0,83.33333333333334,88.33333333333333,76.66666666666667,70.0,76.66666666666667
player,EDGE,*,sample.flv,Windows11,*,300,96.0,1.6996731711975959,96.66666666666667,96.66666666666667,95.0,95.0,96.66666666666667,98.33333333333333,93.33333333333333,93.33333333333333,96.66666666666667,98.33333333333333
player,FIREFOX,*,sample.3gp,Windows11,*,300,85.33333333333333,4.988876515698589,90.0,93.33333333333333,80.0,88.33333333333333,78.33333333333333,90.0,85.0,78.33333333333333,86.66666666666667,83.33333333333334
player,CHROME,*,sample.3gp,Windows11,*,300,72.33333333333334,6.289320754704405,70.0,81.66666666666667,66.66666666666666,68.33333333333333,70.0,76.66666666666667,76.66666666666667,80.0,60.0,73.33333333333333
player,EDGE,*,sample.3gp,Windows11,*,300,82.83333333333334,3.6552853665768845,85.0,88.33333333333333,78.33333333333333,76.66666666666667,80.0,80.0,85.0,86.66666666666667,83.33333333333334,85.0
player,FIREFOX,*,sample.mkv,Linux,*,300,81.83333333333334,3.370624736026116,83.33333333333334,76.66666666666667,78.33333333333333,86.66666666666667,81.66666666666667,85.0,80.0,86.66666666666667,81.66666666666667,78.33333333333333
player,CHROME,*,sample.mkv,Linux,*,300,91.83333333333333,4.681523968396045,93.33333333333333,93.33333333333333,88.33333333333333,88.33333333333333,98.33333333333333,93.33333333333333,96.66666666666667,96.66666666666667,83.33333333333334,86.66666666666667
player,EDGE,*,sample.mkv,Linux,*,300,92.83333333333333,4.412734098291242,98.33333333333333,88.33333333333333,96.66666666666667,96.66666666666667,91.66666666666666,96.66666666666667,86.66666666666667,90.0,96.66666666666667,86.66666666666667
player,FIREFOX,*,sample.mp4,Linux,*,300,72.0,4.6427960923947085,76.66666666666667,73.33333333333333,63.33333333333333,71.66666666666667,73.33333333333333,71.66666666666667,75.0,75.0,76.66666666666667,63.33333333333333
player,CHROME,*,sample.mp4,Linux,*,300,94.5,3.8042374035044446,96.66666666666667,85.0,98.33333333333333,96.66666666666667,95.0,91.66666666666666,96.66666666666667,91.66666666666666,96.66666666666667,96.66666666666667
player,EDGE,*,sample.mp4,Linux,*,300,89.00000000000001,4.096068575814834,93.33333333333333,86.66666666666667,95.0,85.0,86.66666666666667,85.0,95.0,90.0,90.0,83.33333333333334
player,FIREFOX,*,sample.flv,Linux,*,300,87.33333333333333,4.784233364802439,85.0,85.0,95.0,85.0,88.33333333333333,88.33333333333333,93.33333333333333,88.33333333333333,88.33333333333333,76.66666666666667
player,CHROME,*,sample.flv,Linux,*,300,91.16666666666666,4.9469406932186075,93.33333333333333,90.0,98.33333333333333,95.0,93.33333333333333,85.0,86.66666666666667,81.66666666666667,95.0,93.33333333333333
player,EDGE,*,sample.flv,Linux,*,300,89.0,3.0912061651652323,88.33333333333333,88.33333333333333,85.0,90.0,83.33333333333334,90.0,95.0,90.0,88.33333333333333,91.66666666666666
player,FIREFOX,*,sample.3gp,Linux,*,300,78.66666666666666,3.6362373715452394,76.66666666666667,80.0,80.0,76.66666666666667,80.0,73.33333333333333,86.66666666666667,81.66666666666667,76.66666666666667,75.0
player,CHROME,*,sample.3gp,Linux,*,300,89.16666666666666,3.18416219575713,85.0,91.66666666666666,95.0,86.66666666666667,90.0,88.33333333333333,85.0,91.66666666666666,86.66666666666667,91.66666666666666
player,EDGE,*,sample.3gp,Linux,*,300,93.16666666666666,2.0344259359556207,91.66666666666666,91.66666666666666,95.0,96.66666666666667,93.33333333333333,95.0,90.0,91.66666666666666,95.0,91.66666666666666
platform,CHROME,MPLAYER,sample.3gp,*,*,400,99.0,0.9354143466934853,98.75,98.75,100.0,100.0,98.75,97.5,98.75,100.0,97.5,100.0
platform,CHROME,MPV,sample.3gp,*,*,400,99.125,0.8003905296791061,98.75,98.75,100.0,98.75,100.0,100.0,98.75,100.0,97.5,98.75
platform,CHROME,VLC,sample.3gp,*,*,400,98.75,1.118033988749895,98.75,100.0,97.5,100.0,98.75,100.0,97.5,100.0,97.5,97.5
platform,EDGE,MPLAYER,sample.3gp,*,*,300,98.16666666666666,1.1666666666666645,98.33333333333333,96.66666666666667,96.66666666666667,100.0,98.33333333333333,96.66666666666667,98.33333333333333,98.33333333333333,98.33333333333333,100.0
platform,EDGE,MPV,sample.3gp,*,*,300,98.33333333333334,1.2909944487358038,100.0,96.66666666666667,96.66666666666667,100.0,98.33333333333333,100.0,98.33333333333333,98.33333333333333,98.33333333333333,96.66666666666667
platform,EDGE,VLC,sample.3gp,*,*,300,95.33333333333333,1.9436506316151034,96.66666666666667,96.66666666666667,95.0,93.33333333333333,95.0,91.66666666666666,96.66666666666667,98.33333333333333,93.33333333333333,96.66666666666667
platform,FIREFOX,MPLAYER,sample.3gp,*,*,400,96.875,1.7001838135919305,95.0,98.75,95.0,96.25,100.0,97.5,95.0,96.25,98.75,96.25
platform,FIREFOX,MPV,sample.3gp,*,*,400,95.75,2.25,98.75,97.5,95.0,96.25,96.25,98.75,96.25,93.75,91.25,93.75
platform,FIREFOX,VLC,sample.3gp,*,*,400,98.375,1.125,98.75,97.5,98.75,100.0,97.5,97.5,100.0,98.75,98.75,96.25
platform,CHROME,MPLAYER,sample.flv,*,*,400,99.25,0.82915619758885,100.0,100.0,100.0,97.5,100.0,98.75,98.75,100.0,98.75,98.75
platform,CHROME,MPV,sample.flv,*,*,400,98.75,1.25,100.0,100.0,100.0,97.5,98.75,97.5,96.25,98.75,100.0,98.75
platform,CHROME,VLC,sample.flv,*,*,400,99.125,1.2562344526401112,100.0,96.25,100.0,100.0,98.75,97.5,100.0,100.0,100.0,98.75
platform,EDGE,MPLAYER,sample.flv,*,*,300,95.83333333333334,3.593976442141305,100.0,93.33333333333333,96.66666666666667,100.0,95.0,100.0,90.0,96.66666666666667,96.66666666666667,90.0
platform,EDGE,MPV,sample.flv,*,*,300,98.83333333333334,1.499999999999998,100.0,100.0,98.33333333333333,96.66666666666667,96.66666666666667,96.66666666666667,100.0,100.0,100.0,100.0
platform,EDGE,VLC,sample.flv,*,*,300,97.16666666666667,2.242270674512285,95.0,93.33333333333333,95.0,100.0,100.0,100.0,96.66666666666667,96.66666666666667,98.33333333333333,96.66666666666667
platform,FIREFOX,MPLAYER,sample.flv,*,*,400,97.125,1.375,96.25,96.25,96.25,97.5,95.0,100.0,97.5,98.75,97.5,96.25
platform,FIREFOX,MPV,sample.flv,*,*,400,96.625,1.375,96.25,93.75,97.5,97.5,95.0,97.5,96.25,96.25,98.75,97.5
platform,FIREFOX,VLC,sample.flv,*,*,400,97.25,1.4577379737113252,96.25,97.5,97.5,100.0,97.5,97.5,97.5,97.5,93.75,97.5
platform,CHROME,MPLAYER,sample.mkv,*,*,400,98.75,1.479019945774904,95.0,98.75,100.0,97.5,100.0,98.75,100.0,100.0,98.75,98.75
platform,CHROME,MPV,sample.mkv,*,*,400,98.125,1.1524430571616109,98.75,98.75,98.75,96.25,98.75,97.5,100.0,96.25,98.75,97.5
platform,CHROME,VLC,sample.mkv,*,*,400,99.375,1.0077822185373186,100.0,100.0,97.5,100.0,97.5,100.0,100.0,100.0,100.0,98.75
platform,EDGE,MPLAYER,sample.mkv,*,*,300,96.5,2.4094720491334938,98.33333333333333,95.0,100.0,98.33333333333333,100.0,95.0,95.0,96.66666666666667,93.33333333333333,93.33333333333333
platform,EDGE,MPV,sample.mkv,*,*,300,99.16666666666666,1.118033988749895,100.0,98.33333333333333,98.33333333333333,100.0,96.66666666666667,98.33333333333333,100.0,100.0,100.0,100.0
platform,EDGE,VLC,sample.mkv,*,*,300,96.83333333333334,2.4094720491334938,96.66666666666667,98.33333333333333,93.33333333333333,100.0,100.0,95.0,98.33333333333333,95.0,98.33333333333333,93.33333333333333
platform,FIREFOX,MPLAYER,sample.mkv,*,*,400,96.5,2.0,97.5,96.25,96.25,96.25,92.5,96.25,93.75,98.75,98.75,98.75
platform,FIREFOX,MPV,sample.mkv,*,*,400,98.125,1.875,98.75,100.0,96.25,93.75,100.0,98.75,97.5,98.75,100.0,97.5
platform,FIREFOX,VLC,sample.mkv,*,*,400,97.75,1.5612494995995996,97.5,98.75,97.5,97.5,100.0,95.0,98.75,96.25,100.0,96.25
platform,CHROME,MPLAYER,sample.mp4,*,*,400,97.875,1.125,98.75,97.5,100.0,97.5,98.75,97.5,98.75,97.5,96.25,96.25
platform,CHROME,MPV,sample.mp4,*,*,400,99.625,0.57282196186948,100.0,100.0,100.0,100.0,100.0,98.75,100.0,98.75,100.0,98.75
platform,CHROME,VLC,sample.mp4,*,*,400,99.125,0.9762812094883317,98.75,97.5,97.5,100.0,100.0,100.0,100.0,98.75,98.75,100.0
platform,EDGE,MPLAYER,sample.mp4,*,*,300,98.66666666666667,1.0,98.33333333333333,98.33333333333333,100.0,100.0,98.33333333333333,98.33333333333333,100.0,96.66666666666667,98.33333333333333,98.33333333333333
platform,EDGE,MPV,sample.mp4,*,*,300,95.16666666666666,2.1666666666666674,98.33333333333333,96.66666666666667,95.0,95.0,90.0,93.33333333333333,96.66666666666667,95.0,96.66666666666667,95.0
platform,EDGE,VLC,sample.mp4,*,*,300,96.66666666666667,3.162277660168379,96.66666666666667,100.0,90.0,98.33333333333333,98.33333333333333,100.0,93.33333333333333,98.33333333333333,93.33333333333333,98.33333333333333
platform,FIREFOX,MPLAYER,sample.mp4,*,*,400,98.125,1.7897276329095442,97.5,97.5,97.5,97.5,100.0,93.75,98.75,98.75,100.0,100.0
platform,FIREFOX,MPV,sample.mp4,*,*,400,95.125,3.7270128789688934,85.0,97.5,96.25,97.5,98.75,96.25,97.5,93.75,95.0,93.75
platform,FIREFOX,VLC,sample.mp4,*,*,400,98.25,1.695582495781317,95.0,100.0,97.5,100.0,98.75,100.0,97.5,97.5,100.0,96.25
browser,*,MPLAYER,sample.mkv,macOS,*,300,100.0,0.0,100.0,100.0,100.0,100.0,100.0,100.0,100.0,100.0,100.0,100.0
browser,*,VLC,sample.mkv,macOS,*,300,100.0,0.0,100.0,100.0,100.0,100.0,100.0,100.0,100.0,100.0,100.0,100.0
browser,*,MPV,sample.mkv,macOS,*,300,100.0,0.0,100.0,100.0,100.0,100.0,100.0,100.0,100.0,100.0,100.0,100.0
browser,*,MPLAYER,sample.mp4,macOS,*,300,100.0,0.0,100.0,100.0,100.0,100.0,100.0,100.0,100.0,100.0,100.0,100.0
browser,*,VLC,sample.mp4,macOS,*,300,100.0,0.0,100.0,100.0,100.0,100.0,100.0,100.0,100.0,100.0,100.0,100.0
browser,*,MPV,sample.mp4,macOS,*,300,100.0,0.0,100.0,100.0,100.0,100.0,100.0,100.0,100.0,100.0,100.0,100.0
browser,*,MPLAYER,sample.flv,macOS,*,300,100.0,0.0,100.0,100.0,100.0,100.0,100.0,100.0,100.0,100.0,100.0,100.0
browser,*,VLC,sample.flv,macOS,*,300,100.0,0.0,100.0,100.0,100.0,100.0,100.0,100.0,100.0,100.0,100.0,100.0
browser,*,MPV,sample.flv,macOS,*,300,100.0,0.0,100.0,100.0,100.0,100.0,100.0,100.0,100.0,100.0,100.0,100.0
browser,*,MPLAYER,sample.3gp,macOS,*,300,100.0,0.0,100.0,100.0,100.0,100.0,100.0,100.0,100.0,100.0,100.0,100.0
browser,*,VLC,sample.3gp,macOS,*,300,100.0,0.0,100.0,100.0,100.0,100.0,100.0,100.0,100.0,100.0,100.0,100.0
browser,*,MPV,sample.3gp,macOS,*,300,100.0,0.0,100.0,100.0,100.0,100.0,100.0,100.0,100.0,100.0,100.0,100.0
browser,*,MPLAYER,sample.mkv,dLinux,*,300,100.0,0.0,100.0,100.0,100.0,100.0,100.0,100.0,100.0,100.0,100.0,100.0
browser,*,VLC,sample.mkv,dLinux,*,300,100.0,0.0,100.0,100.0,100.0,100.0,100.0,100.0,100.0,100.0,100.0,100.0
browser,*,MPV,sample.mkv,dLinux,*,300,100.0,0.0,100.0,100.0,100.0,100.0,100.0,100.0,100.0,100.0,100.0,100.0
browser,*,MPLAYER,sample.mp4,dLinux,*,300,100.0,0.0,100.0,100.0,100.0,100.0,100.0,100.0,100.0,100.0,100.0,100.0
browser,*,VLC,sample.mp4,dLinux,*,300,100.0,0.0,100.0,100.0,100.0,100.0,100.0,100.0,100.0,100.0,100.0,100.0
browser,*,MPV,sample.mp4,dLinux,*,300,100.0,0.0,100.0,100.0,100.0,100.0,100.0,100.0,100.0,100.0,100.0,100.0
browser,*,MPLAYER,sample.flv,dLinux,*,300,100.0,0.0,100.0,100.0,100.0,100.0,100.0,100.0,100.0,100.0,100.0,100.0
browser,*,VLC,sample.flv,dLinux,*,300,100.0,0.0,100.0,100.0,100.0,100.0,100.0,100.0,100.0,100.0,100.0,100.0
browser,*,MPV,sample.flv,dLinux,*,300,100.0,0.0,100.0,100.0,100.0,100.0,100.0,100.0,100.0,100.0,100.0,100.0
browser,*,MPLAYER,sample.3gp,dLinux,*,300,100.0,0.0,100.0,100.0,100.0,100.0,100.0,100.0,100.0,100.0,100.0,100.0
browser,*,VLC,sample.3gp,dLinux,*,300,100.0,0.0,100.0,100.0,100.0,100.0,100.0,100.0,100.0,100.0,100.0,100.0
browser,*,MPV,sample.3gp,dLinux,*,300,100.0,0.0,100.0,100.0,100.0,100.0,100.0,100.0,100.0,100.0,100.0,100.0
browser,*,MPLAYER,sample.mkv,Windows11,*,300,99.16666666666666,1.5365907428821486,100.0,98.33333333333333,100.0,100.0,100.0,100.0,98.33333333333333,100.0,100.0,95.0
browser,*,VLC,sample.mkv,Windows11,*,300,96.5,2.522124325070261,96.66666666666667,95.0,96.66666666666667,93.33333333333333,100.0,96.66666666666667,100.0,98.33333333333333,96.66666666666667,91.66666666666666
browser,*,MPV,sample.mkv,Windows11,*,300,97.83333333333334,2.1147629234082532,96.66666666666667,96.66666666666667,100.0,96.66666666666667,96.66666666666667,100.0,100.0,93.33333333333333,100.0,98.33333333333333
browser,*,MPLAYER,sample.mp4,Windows11,*,300,99.16666666666666,1.118033988749895,100.0,100.0,96.66666666666667,100.0,98.33333333333333,98.33333333333333,100.0,100.0,100.0,98.33333333333333
browser,*,VLC,sample.mp4,Windows11,*,300,98.83333333333333,1.3017082793177748,100.0,98.33333333333333,100.0,100.0,96.66666666666667,98.33333333333333,100.0,100.0,96.66666666666667,98.33333333333333
browser,*,MPV,sample.mp4,Windows11,*,300,98.16666666666666,1.1666666666666645,100.0,98.33333333333333,100.0,98.33333333333333,98.33333333333333,96.66666666666667,98.33333333333333,98.33333333333333,96.66666666666667,96.66666666666667
browser,*,MPLAYER,sample.flv,Windows11,*,300,99.0,0.8164965809277284,98.33333333333333,100.0,98.33333333333333,98.33333333333333,98.33333333333333,100.0,98.33333333333333,100.0,100.0,98.33333333333333
browser,*,VLC,sample.flv,Windows11,*,300,99.33333333333333,0.8164965809277284,98.33333333333333,100.0,98.33333333333333,100.0,98.33333333333333,98.33333333333333,100.0,100.0,100.0,100.0
browser,*,MPV,sample.flv,Windows11,*,300,99.00000000000001,1.3333333333333324,100.0,100.0,100.0,100.0,100.0,100.0,96.66666666666667,96.66666666666667,98.33333333333333,98.33333333333333
browser,*,MPLAYER,sample.3gp,Windows11,*,300,98.66666666666666,1.0,100.0,98.33333333333333,98.33333333333333,100.0,98.33333333333333,98.33333333333333,98.33333333333333,100.0,98.33333333333333,96.66666666666667
browser,*,VLC,sample.3gp,Windows11,*,300,99.33333333333333,1.105541596785133,100.0,100.0,100.0,100.0,100.0,98.33333333333333,100.0,98.33333333333333,96.66666666666667,100.0
browser,*,MPV,sample.3gp,Windows11,*,300,99.16666666666667,0.8333333333333357,98.33333333333333,100.0,100.0,100.0,98.33333333333333,100.0,100.0,98.33333333333333,98.33333333333333,98.33333333333333
browser,*,MPLAYER,sample.mkv,Linux,*,300,100.0,0.0,100.0,100.0,100.0,100.0,100.0,100.0,100.0,100.0,100.0,100.0
browser,*,VLC,sample.mkv,Linux,*,300,99.5,0.7637626158259755,98.33333333333333,100.0,98.33333333333333,100.0,100.0,100.0,100.0,100.0,98.33333333333333,100.0
browser,*,MPV,sample.mkv,Linux,*,300,99.5,1.5,100.0,100.0,100.0,100.0,100.0,100.0,95.0,100.0,100.0,100.0
browser,*,MPLAYER,sample.mp4,Linux,*,300,98.66666666666667,1.0,98.33333333333333,98.33333333333333,96.66666666666667,98.33333333333333,100.0,100.0,98.33333333333333,100.0,98.33333333333333,98.33333333333333
browser,*,VLC,sample.mp4,Linux,*,300,99.5,0.7637626158259755,100.0,100.0,100.0,98.33333333333333,100.0,100.0,98.33333333333333,100.0,100.0,98.33333333333333
browser,*,MPV,sample.mp4,Linux,*,300,99.33333333333334,0.8164965809277284,98.33333333333333,100.0,100.0,98.33333333333333,100.0,98.33333333333333,100.0,100.0,98.33333333333333,100.0
browser,*,MPLAYER,sample.flv,Linux,*,300,99.16666666666666,1.118033988749895,96.66666666666667,98.33333333333333,100.0,100.0,100.0,98.33333333333333,100.0,100.0,100.0,98.33333333333333
browser,*,VLC,sample.flv,Linux,*,300,100.0,0.0,100.0,100.0,100.0,100.0,100.0,100.0,100.0,100.0,100.0,100.0
browser,*,MPV,sample.flv,Linux,*,300,99.16666666666667,0.8333333333333357,100.0,98.33333333333333,98.33333333333333,100.0,100.0,100.0,98.33333333333333,100.0,98.33333333333333,98.33333333333333
browser,*,MPLAYER,sample.3gp,Linux,*,300,100.0,0.0,100.0,100.0,100.0,100.0,100.0,100.0,100.0,100.0,100.0,100.0
browser,*,VLC,sample.3gp,Linux,*,300,100.0,0.0,100.0,100.0,100.0,100.0,100.0,100.0,100.0,100.0,100.0,100.0
browser,*,MPV,sample.3gp,Linux,*,300,99.33333333333334,0.8164965809277284,98.33333333333333,98.33333333333333,100.0,100.0,100.0,100.0,100.0,100.0,98.33333333333333,98.33333333333333
platform,*,*,*,*,*,14400,98.06944444444444,0.22189646262042326,98.02083333333333,98.36805555555556,97.98611111111111,98.125,98.125,98.26388888888889,97.98611111111111,97.56944444444444,98.33333333333333,97.91666666666666
codec,*,MPLAYER,*,macOS,*,1200,46.49999999999999,2.796326955927087,46.666666666666664,46.666666666666664,47.5,50.0,49.583333333333336,44.166666666666664,47.91666666666667,47.91666666666667,40.0,44.583333333333336
codec,*,VLC,*,macOS,*,1200,56.666666666666664,1.9275055843700628,57.91666666666667,57.08333333333333,58.333333333333336,57.08333333333333,52.5,57.49999999999999,53.333333333333336,57.91666666666667,57.91666666666667,57.08333333333333
codec,*,MPV,*,macOS,*,1200,42.00000000000001,2.1147629234082546,39.58333333333333,45.416666666666664,44.583333333333336,39.166666666666664,44.583333333333336,42.083333333333336,42.5,41.25,40.416666666666664,40.416666666666664
codec,*,MPLAYER,*,dLinux,*,1200,64.79166666666666,2.9181543824821854,67.08333333333333,68.33333333333333,66.25,62.083333333333336,61.66666666666667,68.33333333333333,67.5,60.83333333333333,61.25000000000001,64.58333333333334
codec,*,VLC,*,dLinux,*,1200,91.91666666666666,0.9537935951883009,91.66666666666666,91.66666666666666,91.25,92.5,92.5,94.16666666666667,92.08333333333333,90.41666666666667,91.25,91.66666666666666
codec,*,MPV,*,dLinux,*,1200,68.95833333333334,1.8934279612502953,67.91666666666667,68.75,68.33333333333333,70.41666666666667,72.5,68.33333333333333,70.0,66.25,70.83333333333334,66.25
codec,*,MPLAYER,*,Windows11,*,1200,53.583333333333336,2.423839928708165,52.083333333333336,52.083333333333336,58.333333333333336,54.166666666666664,48.75,53.75,54.166666666666664,52.083333333333336,55.00000000000001,55.41666666666667
codec,*,VLC,*,Windows11,*,1200,58.125,3.0970976556913556,58.333333333333336,57.49999999999999,50.0,59.166666666666664,60.83333333333333,57.49999999999999,58.75,57.08333333333333,60.0,62.083333333333336
codec,*,MPV,*,Windows11,*,1200,64.12499999999999,2.5031230493125975,62.083333333333336,63.33333333333333,64.58333333333334,66.66666666666666,59.166666666666664,66.25,67.5,63.74999999999999,66.25,61.66666666666667
codec,*,MPLAYER,*,Linux,*,1200,42.33333333333333,3.0629959915815173,44.166666666666664,47.083333333333336,45.0,42.5,38.75,45.83333333333333,42.5,39.166666666666664,37.5,40.833333333333336
codec,*,VLC,*,Linux,*,1200,65.625,2.245752163035312,63.74999999999999,63.33333333333333,65.0,68.75,62.916666666666664,69.16666666666667,66.66666666666666,67.08333333333333,66.66666666666666,62.916666666666664
codec,*,MPV,*,Linux,*,1200,39.83333333333333,3.4115815817431208,32.083333333333336,43.333333333333336,40.0,40.0,37.916666666666664,37.5,43.333333333333336,39.58333333333333,40.0,44.583333333333336
platform,*,MPLAYER,sample.3gp,*,*,1200,97.74999999999999,0.7728015412913073,96.66666666666667,99.16666666666667,98.33333333333333,98.33333333333333,98.33333333333333,97.5,97.08333333333333,96.66666666666667,97.91666666666666,97.5
platform,*,MPV,sample.3gp,*,*,1200,97.99999999999999,0.6666666666666664,98.75,98.33333333333333,97.5,97.91666666666666,96.66666666666667,98.33333333333333,97.91666666666666,97.5,99.16666666666667,97.91666666666666
platform,*,VLC,sample.3gp,*,*,1200,98.08333333333334,0.7949493345141221,98.75,97.91666666666666,98.75,97.5,97.08333333333333,99.58333333333333,97.91666666666666,97.5,97.08333333333333,98.75
platform,*,MPLAYER,sample.flv,*,*,1200,97.29166666666666,0.5667279378639728,97.91666666666666,97.5,96.66666666666667,97.5,96.25,97.08333333333333,97.91666666666666,96.66666666666667,97.5,97.91666666666666
platform,*,MPV,sample.flv,*,*,1200,98.70833333333334,0.6574889099191489,97.91666666666666,97.5,99.16666666666667,99.16666666666667,99.16666666666667,99.16666666666667,98.75,97.91666666666666,98.75,99.58333333333333
platform,*,VLC,sample.flv,*,*,1200,98.79166666666667,0.5086064839889078,99.16666666666667,98.33333333333333,99.16666666666667,99.16666666666667,98.33333333333333,98.33333333333333,98.75,99.16666666666667,99.58333333333333,97.91666666666666
platform,*,MPLAYER,sample.mkv,*,*,1200,98.04166666666666,1.1188101318414616,98.75,97.91666666666666,97.08333333333333,98.75,98.75,97.5,97.91666666666666,99.58333333333333,98.75,95.41666666666667
platform,*,MPV,sample.mkv,*,*,1200,98.0,0.6400954789890498,98.33333333333333,98.33333333333333,97.91666666666666,98.33333333333333,97.5,96.66666666666667,99.16666666666667,97.5,97.91666666666666,98.33333333333333
platform,*,VLC,sample.mkv,*,*,1200,98.33333333333333,0.7682953714410765,97.91666666666666,98.33333333333333,98.75,97.5,97.08333333333333,99.16666666666667,97.91666666666666,99.16666666666667,97.91666666666666,99.58333333333333
platform,*,MPLAYER,sample.mp4,*,*,1200,98.20833333333333,0.6194195311382724,98.75,97.91666666666666,97.91666666666666,98.33333333333333,98.33333333333333,97.91666666666666,97.08333333333333,99.58333333333333,97.91666666666666,98.33333333333333
platform,*,MPV,sample.mp4,*,*,1200,97.41666666666667,1.0992421631894096,97.08333333333333,99.16666666666667,96.66666666666667,95.41666666666667,97.5,96.66666666666667,98.75,97.08333333333333,97.08333333333333,98.75
platform,*,VLC,sample.mp4,*,*,1200,98.04166666666666,0.8750000000000016,96.66666666666667,98.75,98.33333333333333,97.08333333333333,99.16666666666667,97.08333333333333,97.5,97.91666666666666,98.75,99.16666666666667
player,*,*,sample.mkv,macOS,*,900,86.44444444444444,1.7777777777777775,88.33333333333333,90.0,84.44444444444444,86.66666666666667,85.55555555555556,85.0,87.77777777777777,87.22222222222223,84.44444444444444,85.0
player,*,*,sample.mp4,macOS,*,900,88.00000000000001,3.193357302933315,85.0,84.44444444444444,89.44444444444444,90.0,92.77777777777779,83.33333333333334,90.55555555555556,91.11111111111111,84.44444444444444,88.88888888888889
player,*,*,sample.flv,macOS,*,900,86.94444444444446,2.373334373699312,90.0,84.44444444444444,83.33333333333334,90.0,84.44444444444444,87.77777777777777,86.66666666666667,85.0,88.88888888888889,88.88888888888889
player,*,*,sample.3gp,macOS,*,900,86.72222222222221,2.771659929614761,87.22222222222223,90.55555555555556,83.33333333333334,84.44444444444444,85.0,83.88888888888889,85.55555555555556,92.22222222222223,86.66666666666667,88.33333333333333
player,*,*,sample.mkv,dLinux,*,900,82.33333333333334,1.8559214542766753,81.11111111111111,81.66666666666667,82.77777777777777,81.11111111111111,83.33333333333334,78.33333333333333,83.88888888888889,85.55555555555556,83.33333333333334,82.22222222222221
player,*,*,sample.mp4,dLinux,*,900,93.88888888888889,1.8087578440110779,92.77777777777779,94.44444444444444,94.44444444444444,95.55555555555556,95.55555555555556,93.88888888888889,92.77777777777779,96.66666666666667,90.0,92.77777777777779
player,*,*,sample.flv,dLinux,*,900,80.5,2.283191398670502,81.66666666666667,81.11111111111111,81.66666666666667,80.55555555555556,78.33333333333333,82.22222222222221,80.0,75.55555555555556,79.44444444444444,84.44444444444444
player,*,*,sample.3gp,dLinux,*,900,90.22222222222223,2.60815435429011,88.88888888888889,91.66666666666666,86.11111111111111,91.66666666666666,87.22222222222223,92.77777777777779,86.66666666666667,91.11111111111111,92.77777777777779,93.33333333333333
player,*,*,sample.mkv,Windows11,*,900,84.72222222222221,1.3888888888888915,85.0,86.11111111111111,85.0,86.66666666666667,82.22222222222221,83.33333333333334,85.55555555555556,85.55555555555556,82.77777777777777,85.0
player,*,*,sample.mp4,Windows11,*,900,81.11111111111111,2.2360679774997885,79.44444444444444,82.22222222222221,80.0,82.77777777777777,80.55555555555556,83.33333333333334,78.33333333333333,77.22222222222223,84.44444444444444,82.77777777777777
player,*,*,sample.flv,Windows11,*,900,82.44444444444444,2.7799991118215117,80.0,80.0,82.77777777777777,85.0,83.33333333333334,82.22222222222221,76.66666666666667,82.77777777777777,86.66666666666667,85.0
player,*,*,sample.3gp,Windows11,*,900,75.94444444444444,3.693922268862065,76.11111111111111,70.55555555555556,77.22222222222223,81.11111111111111,81.66666666666667,70.55555555555556,73.88888888888889,73.88888888888889,75.55555555555556,78.88888888888889
player,*,*,sample.mkv,Linux,*,900,90.94444444444444,1.6301556390134702,88.88888888888889,92.22222222222223,93.33333333333333,91.11111111111111,92.77777777777779,89.44444444444444,90.0,88.88888888888889,90.0,92.77777777777779
player,*,*,sample.mp4,Linux,*,900,84.83333333333333,2.756025945513879,84.44444444444444,89.44444444444444,87.77777777777777,84.44444444444444,83.88888888888889,86.11111111111111,81.11111111111111,81.11111111111111,87.77777777777777,82.22222222222221
player,*,*,sample.flv,Linux,*,900,88.38888888888889,3.0169275516412126,91.11111111111111,89.44444444444444,90.55555555555556,87.77777777777777,87.22222222222223,88.33333333333333,91.66666666666666,90.0,80.55555555555556,87.22222222222223
player,*,*,sample.3gp,Linux,*,900,87.27777777777777,2.452637783849347,89.44444444444444,86.66666666666667,88.33333333333333,82.77777777777777,91.11111111111111,85.55555555555556,87.77777777777777,84.44444444444444,90.0,86.66666666666667
browser,*,MPLAYER,sample.3gp,*,*,1200,99.0,0.5651941652604414,97.91666666666666,99.16666666666667,98.75,99.16666666666667,99.16666666666667,99.16666666666667,98.75,99.58333333333333,100.0,98.33333333333333
browser,*,MPV,sample.3gp,*,*,1200,99.37500000000001,0.2083333333333286,99.58333333333333,99.16666666666667,99.16666666666667,99.58333333333333,99.16666666666667,99.58333333333333,99.16666666666667,99.16666666666667,99.58333333333333,99.58333333333333
browser,*,VLC,sample.3gp,*,*,1200,99.41666666666666,0.27638539919628,99.58333333333333,99.58333333333333,99.16666666666667,99.16666666666667,99.58333333333333,99.16666666666667,99.16666666666667,99.58333333333333,100.0,99.16666666666667
browser,*,MPLAYER,sample.flv,*,*,1200,99.62500000000001,0.2916666666666655,99.58333333333333,99.58333333333333,100.0,99.16666666666667,99.16666666666667,99.58333333333333,100.0,100.0,99.58333333333333,99.58333333333333
browser,*,MPV,sample.flv,*,*,1200,99.75,0.20412414523193384,99.58333333333333,100.0,100.0,99.58333333333333,99.58333333333333,99.58333333333333,99.58333333333333,100.0,100.0,99.58333333333333
browser,*,VLC,sample.flv,*,*,1200,99.66666666666667,0.31180478223116076,99.16666666666667,100.0,100.0,100.0,99.58333333333333,99.16666666666667,99.58333333333333,100.0,99.58333333333333,99.58333333333333
browser,*,MPLAYER,sample.mkv,*,*,1200,99.33333333333334,0.4639803635691679,99.58333333333333,98.33333333333333,99.58333333333333,99.58333333333333,98.75,99.58333333333333,99.16666666666667,99.16666666666667,99.58333333333333,100.0
browser,*,MPV,sample.mkv,*,*,1200,99.5,0.6123724356957954,99.58333333333333,98.33333333333333,98.75,100.0,100.0,100.0,98.75,100.0,99.58333333333333,100.0
browser,*,VLC,sample.mkv,*,*,1200,98.83333333333333,0.5833333333333353,99.58333333333333,98.33333333333333,98.33333333333333,98.75,98.33333333333333,99.16666666666667,98.33333333333333,98.33333333333333,100.0,99.16666666666667
browser,*,MPLAYER,sample.mp4,*,*,1200,98.625,0.8549285220284694,99.58333333333333,99.16666666666667,98.33333333333333,99.16666666666667,97.08333333333333,99.16666666666667,99.16666666666667,98.33333333333333,99.16666666666667,97.08333333333333
browser,*,MPV,sample.mp4,*,*,1200,99.5,0.3118047822311592,100.0,99.16666666666667,99.58333333333333,100.0,99.16666666666667,99.16666666666667,99.58333333333333,99.58333333333333,99.58333333333333,99.16666666666667
browser,*,VLC,sample.mp4,*,*,1200,99.33333333333333,0.5951190357119054,99.58333333333333,100.0,99.16666666666667,99.58333333333333,99.58333333333333,97.91666666666666,99.58333333333333,99.16666666666667,100.0,98.75
player,SAFARI,*,sample.mkv,*,*,300,99.66666666666667,0.9999999999999984,100.0,100.0,100.0,100.0,96.66666666666667,100.0,100.0,100.0,100.0,100.0
player,FIREFOX,*,sample.mkv,*,*,1200,70.79166666666667,2.3529679839159163,70.83333333333334,68.33333333333333,67.08333333333333,69.16666666666667,69.16666666666667,73.33333333333333,73.33333333333333,72.91666666666666,69.58333333333333,74.16666666666667
player,CHROME,*,sample.mkv,*,*,1200,84.08333333333333,1.5343293866268293,84.58333333333333,86.25,82.08333333333333,82.5,85.41666666666666,85.41666666666666,85.83333333333333,83.75,82.08333333333333,82.91666666666667
player,EDGE,*,sample.mkv,*,*,900,87.0,2.9207643173544273,84.44444444444444,85.0,85.0,92.22222222222223,89.44444444444444,88.88888888888889,88.88888888888889,85.0,88.88888888888889,82.22222222222221
player,SAFARI,*,sample.mp4,*,*,300,97.83333333333333,0.7637626158259689,98.33333333333333,96.66666666666667,98.33333333333333,98.33333333333333,98.33333333333333,98.33333333333333,98.33333333333333,96.66666666666667,96.66666666666667,98.33333333333333
player,FIREFOX,*,sample.mp4,*,*,1200,75.29166666666666,3.3126965350501574,70.83333333333334,78.75,71.66666666666667,71.66666666666667,74.16666666666667,79.58333333333333,80.0,77.08333333333334,76.25,72.91666666666666
player,CHROME,*,sample.mp4,*,*,1200,87.33333333333334,2.190573238015821,83.33333333333334,89.16666666666667,89.58333333333334,84.58333333333333,87.5,89.58333333333334,84.58333333333333,87.91666666666667,88.33333333333333,88.75
player,EDGE,*,sample.mp4,*,*,900,83.66666666666666,3.0651364942519397,82.22222222222221,82.77777777777777,79.44444444444444,78.88888888888889,81.66666666666667,83.88888888888889,88.33333333333333,86.11111111111111,87.22222222222223,86.11111111111111
player,SAFARI,*,sample.flv,*,*,300,98.5,0.8975274678557502,100.0,100.0,98.33333333333333,98.33333333333333,98.33333333333333,98.33333333333333,96.66666666666667,98.33333333333333,98.33333333333333,98.33333333333333
player,FIREFOX,*,sample.flv,*,*,1200,72.91666666666666,2.946278254943946,80.0,70.41666666666667,72.5,70.83333333333334,73.33333333333333,71.25,70.83333333333334,70.83333333333334,72.5,76.66666666666667
player,CHROME,*,sample.flv,*,*,1200,84.41666666666667,1.6158932858054433,85.0,83.75,83.75,84.16666666666667,82.08333333333333,84.16666666666667,83.75,88.75,84.16666666666667,84.58333333333333
player,EDGE,*,sample.flv,*,*,900,88.66666666666666,2.006163342807531,90.55555555555556,88.33333333333333,88.33333333333333,90.55555555555556,85.55555555555556,88.88888888888889,89.44444444444444,91.66666666666666,88.33333333333333,85.0
player,SAFARI,*,sample.3gp,*,*,300,98.50000000000001,1.1666666666666656,96.66666666666667,100.0,96.66666666666667,98.33333333333333,98.33333333333333,98.33333333333333,100.0,98.33333333333333,100.0,98.33333333333333
player,FIREFOX,*,sample.3gp,*,*,1200,71.45833333333334,3.017598843083318,70.83333333333334,74.58333333333333,76.66666666666667,75.41666666666667,67.5,70.41666666666667,71.66666666666667,67.5,70.83333333333334,69.16666666666667
player,CHROME,*,sample.3gp,*,*,1200,86.45833333333333,2.2067604461442274,85.0,85.41666666666666,87.5,83.75,85.83333333333333,89.16666666666667,88.33333333333333,85.83333333333333,90.41666666666667,83.33333333333334
player,EDGE,*,sample.3gp,*,*,900,83.61111111111111,2.3733343736993135,84.44444444444444,78.88888888888889,85.55555555555556,80.55555555555556,85.0,83.33333333333334,82.77777777777777,87.77777777777777,83.88888888888889,83.88888888888889
browser,*,MPLAYER,sample.3gp,*,*,1200,99.54166666666666,0.393082547169024,99.16666666666667,99.58333333333333,99.58333333333333,99.58333333333333,100.0,98.75,100.0,99.16666666666667,100.0,99.58333333333333
browser,*,MPV,sample.3gp,*,*,1200,99.20833333333333,0.4732423621500224,99.16666666666667,98.75,99.58333333333333,98.75,99.58333333333333,100.0,99.16666666666667,99.58333333333333,99.16666666666667,98.33333333333333
browser,*,VLC,sample.3gp,*,*,1200,99.54166666666666,0.435012771204606,100.0,100.0,100.0,99.58333333333333,99.58333333333333,99.58333333333333,99.58333333333333,98.75,98.75,99.58333333333333
browser,*,MPLAYER,sample.flv,*,*,1200,99.375,0.5017331074496783,99.58333333333333,98.75,100.0,100.0,99.58333333333333,98.75,99.16666666666667,99.16666666666667,100.0,98.75
browser,*,MPV,sample.flv,*,*,1200,99.41666666666666,0.27638539919628,99.16666666666667,99.16666666666667,99.58333333333333,99.58333333333333,99.16666666666667,99.58333333333333,99.58333333333333,100.0,99.16666666666667,99.16666666666667
browser,*,VLC,sample.flv,*,*,1200,99.625,0.2243818669639373,99.58333333333333,99.58333333333333,100.0,99.58333333333333,99.58333333333333,99.58333333333333,99.16666666666667,99.58333333333333,99.58333333333333,100.0
browser,*,MPLAYER,sample.mkv,*,*,1200,99.5,0.4487637339278746,98.75,100.0,100.0,98.75,99.58333333333333,99.58333333333333,99.16666666666667,99.58333333333333,99.58333333333333,100.0
browser,*,MPV,sample.mkv,*,*,1200,99.33333333333334,0.3818813079129848,99.16666666666667,99.16666666666667,98.75,100.0,99.16666666666667,99.58333333333333,99.58333333333333,99.58333333333333,98.75,99.58333333333333
browser,*,VLC,sample.mkv,*,*,1200,99.0,0.5335936864527376,98.75,98.33333333333333,100.0,98.75,99.58333333333333,99.16666666666667,98.33333333333333,98.75,99.58333333333333,98.75
browser,*,MPLAYER,sample.mp4,*,*,1200,98.41666666666666,0.7168604389202188,97.5,97.5,98.33333333333333,98.33333333333333,99.58333333333333,99.58333333333333,98.75,97.91666666666666,98.75,97.91666666666666
browser,*,MPV,sample.mp4,*,*,1200,99.125,0.43501277120460674,98.33333333333333,99.16666666666667,99.16666666666667,99.58333333333333,99.16666666666667,99.16666666666667,98.33333333333333,99.58333333333333,99.16666666666667,99.58333333333333
browser,*,VLC,sample.mp4,*,*,1200,99.20833333333333,0.34610932762158575,99.16666666666667,99.58333333333333,98.33333333333333,99.58333333333333,99.58333333333333,99.16666666666667,99.16666666666667,99.16666666666667,99.16666666666667,99.16666666666667
player,CHROME,*,sample.3gp,*,*,1200,85.70833333333334,1.6981403226929033,86.66666666666667,85.0,85.83333333333333,87.5,89.16666666666667,85.83333333333333,82.91666666666667,83.75,85.41666666666666,85.0
player,EDGE,*,sample.3gp,*,*,900,85.72222222222223,1.16666666666667,83.88888888888889,83.88888888888889,86.66666666666667,85.0,86.66666666666667,85.0,85.55555555555556,86.66666666666667,87.22222222222223,86.66666666666667
player,FIREFOX,*,sample.3gp,*,*,1200,69.70833333333333,3.3698520409326247,70.0,73.75,65.83333333333333,64.58333333333334,72.91666666666666,69.58333333333333,75.41666666666667,67.91666666666667,70.41666666666667,66.66666666666666
player,SAFARI,*,sample.3gp,*,*,300,98.0,1.4529663145135563,98.33333333333333,96.66666666666667,100.0,98.33333333333333,95.0,96.66666666666667,100.0,98.33333333333333,98.33333333333333,98.33333333333333
player,CHROME,*,sample.flv,*,*,1200,82.25,2.2760833806246112,80.0,86.25,82.91666666666667,81.66666666666667,77.5,82.08333333333333,83.75,84.16666666666667,81.25,82.91666666666667
player,EDGE,*,sample.flv,*,*,900,87.44444444444444,3.0751894451328963,90.55555555555556,86.66666666666667,83.33333333333334,87.77777777777777,91.11111111111111,83.33333333333334,87.22222222222223,90.0,83.33333333333334,91.11111111111111
player,FIREFOX,*,sample.flv,*,*,1200,72.75,2.051422270848528,77.08333333333334,73.75,72.5,74.58333333333333,71.66666666666667,72.91666666666666,73.75,70.41666666666667,70.83333333333334,70.0
player,SAFARI,*,sample.flv,*,*,300,98.16666666666667,2.0344259359556163,100.0,100.0,98.33333333333333,96.66666666666667,100.0,96.66666666666667,100.0,95.0,95.0,100.0
player,CHROME,*,sample.mkv,*,*,1200,85.0,2.9639032072964557,88.33333333333333,87.91666666666667,81.25,84.16666666666667,83.75,82.5,91.25,83.75,84.16666666666667,82.91666666666667
player,EDGE,*,sample.mkv,*,*,900,86.94444444444444,1.6896562584161712,86.66666666666667,86.11111111111111,89.44444444444444,85.0,87.77777777777777,86.11111111111111,90.55555555555556,86.11111111111111,86.11111111111111,85.55555555555556
player,FIREFOX,*,sample.mkv,*,*,1200,69.125,3.5426469231666626,62.916666666666664,72.08333333333333,70.0,72.5,70.83333333333334,62.083333333333336,68.33333333333333,72.5,70.0,70.0
player,SAFARI,*,sample.mkv,*,*,300,99.83333333333333,0.5000000000000014,100.0,100.0,100.0,100.0,100.0,100.0,100.0,98.33333333333333,100.0,100.0
player,CHROME,*,sample.mp4,*,*,1200,86.29166666666666,1.4367449707972255,85.0,85.83333333333333,89.58333333333334,85.41666666666666,85.41666666666666,85.83333333333333,85.0,85.83333333333333,86.66666666666667,88.33333333333333
player,EDGE,*,sample.mp4,*,*,900,83.38888888888889,2.7267535981795614,79.44444444444444,83.88888888888889,86.11111111111111,85.0,82.22222222222221,83.88888888888889,86.66666666666667,83.33333333333334,77.77777777777779,85.55555555555556
player,FIREFOX,*,sample.mp4,*,*,1200,75.875,1.9315544977498798,74.58333333333333,73.75,80.41666666666667,77.08333333333334,75.41666666666667,77.08333333333334,73.33333333333333,75.0,75.83333333333333,76.25
player,SAFARI,*,sample.mp4,*,*,300,98.5,0.8975274678557502,98.33333333333333,100.0,98.33333333333333,100.0,98.33333333333333,96.66666666666667,98.33333333333333,98.33333333333333,98.33333333333333,98.33333333333333
player,*,*,sample.3gp,*,*,3600,80.97222222222221,1.4632852434517702,80.13888888888889,82.36111111111111,78.19444444444444,81.80555555555556,79.30555555555556,82.5,82.91666666666667,81.38888888888889,81.25,79.86111111111111
player,*,*,sample.flv,*,*,3600,80.52777777777779,1.453762678681058,80.97222222222223,77.91666666666667,81.66666666666667,81.11111111111111,81.11111111111111,80.69444444444444,81.94444444444444,77.5,81.38888888888889,80.97222222222223
player,*,*,sample.mkv,*,*,3600,79.83333333333333,1.389999555910756,78.88888888888889,80.41666666666667,79.30555555555556,77.77777777777779,80.97222222222223,80.13888888888889,80.97222222222223,82.63888888888889,78.47222222222221,78.75
player,*,*,sample.mp4,*,*,3600,81.55555555555554,1.3844373104863468,80.83333333333333,80.13888888888889,82.36111111111111,83.47222222222223,79.30555555555556,82.5,83.05555555555556,80.0,81.11111111111111,82.77777777777777
player,SAFARI,*,*,macOS,*,1200,99.25000000000001,0.5204164998665332,98.75,99.16666666666667,100.0,100.0,99.16666666666667,98.75,98.33333333333333,99.16666666666667,99.58333333333333,99.58333333333333
player,FIREFOX,*,*,macOS,*,1200,89.79166666666666,1.8657177647698409,91.66666666666666,90.83333333333333,90.83333333333333,88.33333333333333,90.83333333333333,91.66666666666666,87.91666666666667,88.75,91.25,85.83333333333333
player,CHROME,*,*,macOS,*,1200,99.33333333333334,0.5335936864527375,99.16666666666667,100.0,98.75,99.16666666666667,100.0,100.0,99.58333333333333,99.16666666666667,98.33333333333333,99.16666666666667
player,FIREFOX,*,*,dLinux,*,1200,79.45833333333334,1.9812489046614554,77.5,80.83333333333333,75.83333333333333,82.08333333333333,78.75,77.91666666666667,79.58333333333333,78.75,81.25,82.08333333333333
player,CHROME,*,*,dLinux,*,1200,80.79166666666666,2.3529679839159177,79.58333333333333,82.5,84.58333333333333,81.25,80.83333333333333,83.75,75.83333333333333,79.58333333333333,80.41666666666667,79.58333333333333
player,EDGE,*,*,dLinux,*,1200,84.58333333333333,2.429563289518877,80.83333333333333,83.75,87.5,84.16666666666667,87.08333333333333,80.83333333333333,86.25,83.75,83.75,87.91666666666667
player,FIREFOX,*,*,Windows11,*,1200,87.58333333333334,1.4288690166235223,86.66666666666667,88.33333333333333,89.16666666666667,87.5,84.58333333333333,87.5,88.33333333333333,89.16666666666667,88.75,85.83333333333333
player,CHROME,*,*,Windows11,*,1200,72.625,2.9406749980989804,73.33333333333333,76.25,70.83333333333334,74.58333333333333,67.91666666666667,75.41666666666667,74.58333333333333,72.5,67.08333333333333,73.75
player,EDGE,*,*,Windows11,*,1200,70.54166666666667,3.01068698325002,69.16666666666667,64.58333333333334,70.83333333333334,66.66666666666666,72.5,70.0,75.0,70.41666666666667,73.75,72.5
player,FIREFOX,*,*,Linux,*,1200,79.70833333333334,2.745261068338189,81.66666666666667,81.25,83.33333333333334,80.0,78.33333333333333,82.91666666666667,77.08333333333334,77.5,80.83333333333333,74.16666666666667
player,CHROME,*,*,Linux,*,1200,95.875,1.1249999999999996,96.66666666666667,95.0,95.0,96.25,97.91666666666666,96.66666666666667,95.0,97.08333333333333,94.58333333333333,94.58333333333333
player,EDGE,*,*,Linux,*,1200,92.83333333333334,1.4883809249576452,95.0,93.75,91.66666666666666,94.58333333333333,90.41666666666667,92.5,92.5,92.08333333333333,94.58333333333333,91.25
codec,*,*,*,Windows11,*,3600,49.25,1.6761305379495082,49.30555555555556,49.166666666666664,46.666666666666664,51.52777777777777,47.77777777777778,49.44444444444444,51.11111111111111,46.94444444444444,49.02777777777778,51.52777777777777
codec,*,*,*,Linux,*,3600,45.80555555555556,1.8579990564656275,45.13888888888889,45.69444444444444,44.861111111111114,48.47222222222222,44.861111111111114,44.166666666666664,47.91666666666667,42.22222222222222,46.94444444444444,47.77777777777778
codec,*,*,*,dLinux,*,3600,64.27777777777779,0.9517689832784351,65.13888888888889,66.25,64.44444444444444,63.61111111111111,64.58333333333334,64.16666666666667,64.58333333333334,62.5,63.888888888888886,63.61111111111111
codec,*,*,*,macOS,*,3600,43.15277777777778,2.0833796291152376,41.66666666666667,44.72222222222222,39.02777777777778,44.30555555555556,44.30555555555556,40.0,44.44444444444444,44.44444444444444,45.55555555555556,43.05555555555556
codec,*,*,*,*,*,14400,47.510416666666664,0.7612089986728313,47.604166666666664,47.673611111111114,47.53472222222222,47.88194444444444,48.229166666666664,46.076388888888886,46.59722222222222,46.770833333333336,48.68055555555556,48.05555555555556
codec,CHROME,*,*,*,*,4800,51.802083333333336,1.3250474965281647,50.625,50.83333333333333,51.87500000000001,53.333333333333336,50.0,52.1875,50.0,54.0625,52.5,52.604166666666664
codec,EDGE,*,*,*,*,3600,59.20833333333333,1.4205420848446595,59.30555555555556,58.19444444444445,60.138888888888886,60.27777777777777,57.91666666666667,56.666666666666664,61.66666666666667,60.138888888888886,57.91666666666667,59.86111111111111
codec,FIREFOX,*,*,*,*,4800,34.1875,1.6068700165228047,35.520833333333336,33.020833333333336,33.541666666666664,35.208333333333336,31.666666666666664,33.958333333333336,34.6875,32.083333333333336,34.89583333333333,37.291666666666664
codec,SAFARI,*,*,*,*,1200,54.416666666666664,1.81811868577262,56.666666666666664,54.166666666666664,53.75,55.41666666666667,50.416666666666664,56.666666666666664,55.41666666666667,53.333333333333336,52.916666666666664,55.41666666666667
codec,CHROME,MPLAYER,*,*,*,1600,55.875,3.2106998847603303,54.6875,54.0625,55.93749999999999,55.00000000000001,53.75,50.625,61.875,60.3125,54.0625,58.4375
codec,CHROME,MPV,*,*,*,1600,56.34375,2.577130490002397,55.93749999999999,54.6875,59.68750000000001,58.75,59.06249999999999,51.87500000000001,52.1875,57.49999999999999,56.875,56.875
codec,CHROME,VLC,*,*,*,1600,68.3125,3.033665274877898,67.8125,73.125,68.75,72.1875,62.81250000000001,67.1875,67.1875,69.375,64.375,70.3125
codec,EDGE,MPLAYER,*,*,*,1200,57.75,2.802528620133374,61.66666666666667,58.75,55.00000000000001,60.0,55.833333333333336,54.166666666666664,61.25000000000001,55.833333333333336,54.58333333333333,60.416666666666664
codec,EDGE,MPV,*,*,*,1200,63.95833333333333,1.9476659820867066,60.83333333333333,67.08333333333333,62.916666666666664,63.74999999999999,65.83333333333333,62.5,61.66666666666667,66.25,63.74999999999999,65.0
codec,EDGE,VLC,*,*,*,1200,76.20833333333333,2.7032002638847668,77.5,78.33333333333333,72.91666666666666,76.66666666666667,73.75,78.75,77.91666666666667,71.25,80.0,75.0
codec,FIREFOX,MPLAYER,*,*,*,1600,34.09375,2.207276673301288,34.0625,32.8125,29.375,35.9375,35.3125,33.4375,38.4375,33.75,33.4375,34.375
codec,FIREFOX,MPV,*,*,*,1600,33.3125,2.258663874949082,35.9375,33.4375,31.25,32.1875,36.5625,30.312499999999996,32.5,30.9375,36.875,33.125
codec,FIREFOX,VLC,*,*,*,1600,50.375,2.940822589004646,47.1875,50.31250000000001,47.1875,52.5,50.9375,47.8125,55.93749999999999,50.625,47.1875,54.0625
codec,SAFARI,MPLAYER,*,*,*,400,46.875,3.125,47.5,46.25,43.75,52.5,48.75,42.5,50.0,48.75,46.25,42.5
codec,SAFARI,MPV,*,*,*,400,52.375,5.740481251602517,55.00000000000001,43.75,53.75,62.5,57.49999999999999,48.75,56.25,43.75,53.75,48.75
codec,SAFARI,VLC,*,*,*,400,77.0,6.98659430624106,71.25,77.5,68.75,67.5,90.0,85.0,75.0,80.0,72.5,82.5
player,*,*,*,*,*,14400,82.18749999999999,0.7693930488250135,83.09027777777777,82.39583333333333,83.29861111111111,82.88194444444444,81.5625,82.1875,82.53472222222223,81.66666666666667,81.52777777777777,80.72916666666666
codec,*,MPLAYER,*,*,*,4800,48.09375,1.226382793806422,49.895833333333336,46.35416666666667,48.4375,48.75,48.229166666666664,46.5625,49.166666666666664,46.979166666666664,46.979166666666664,49.583333333333336
codec,*,MPV,*,*,*,4800,48.854166666666664,0.6538481177697998,48.75,49.166666666666664,49.791666666666664,47.5,49.0625,48.95833333333333,48.854166666666664,49.6875,48.75,48.020833333333336
codec,*,VLC,*,*,*,4800,63.500000000000014,1.4123709380565266,64.16666666666667,62.39583333333333,62.39583333333333,63.854166666666664,66.5625,64.47916666666667,61.77083333333333,61.77083333333333,63.33333333333333,64.27083333333333
browser,*,*,*,*,*,14400,99.40972222222223,0.11620278146306638,99.47916666666666,99.54861111111111,99.375,99.34027777777777,99.20138888888889,99.375,99.58333333333333,99.40972222222221,99.51388888888889,99.27083333333333
codec,GPU,MPLAYER,*,Windows11,*,400,60.875,5.5070976929776725,57.49999999999999,62.5,68.75,67.5,57.49999999999999,66.25,65.0,52.5,56.25,55.00000000000001
codec,GPU,MPV,*,Windows11,*,400,55.125,2.5890393971509953,53.75,55.00000000000001,50.0,57.49999999999999,58.75,55.00000000000001,53.75,57.49999999999999,52.5,57.49999999999999
codec,GPU,VLC,*,Windows11,*,400,44.125,5.1856171281728844,46.25,48.75,43.75,33.75,51.24999999999999,43.75,36.25,45.0,48.75,43.75
player,GPU,*,sample.3gp,Windows11,*,300,81.16666666666667,3.253203549323857,80.0,83.33333333333334,81.66666666666667,78.33333333333333,86.66666666666667,83.33333333333334,76.66666666666667,76.66666666666667,85.0,80.0
player,GPU,*,sample.flv,Windows11,*,300,90.66666666666666,3.431876713662331,91.66666666666666,93.33333333333333,93.33333333333333,86.66666666666667,86.66666666666667,93.33333333333333,88.33333333333333,93.33333333333333,95.0,85.0
player,GPU,*,sample.mkv,Windows11,*,300,75.66666666666667,3.5118845842842448,75.0,71.66666666666667,78.33333333333333,75.0,78.33333333333333,76.66666666666667,81.66666666666667,71.66666666666667,70.0,78.33333333333333
player,GPU,*,sample.mp4,Windows11,*,300,81.0,6.6332495807108005,83.33333333333334,78.33333333333333,83.33333333333334,70.0,83.33333333333334,80.0,85.0,93.33333333333333,70.0,83.33333333333334
